age,income,score,zipcode,city,extra_data
-0.7973247739135679,0.6531972647421809,0.82,90210,Beverly,
0.7973247739135679,,0.91,10001,New York,42.0
-1.5221654774713569,-1.469693845669907,,60614,Chicago,
1.5221654774713569,1.1430952132988166,0.76,94103,SF,
-0.2174522110673367,,0.88,73301,Austin,
,,0.65,12345,Unknown,5.0
0.2174522110673367,-0.32659863237109044,0.79,94105,San Francisco,
